date,ewtret,vwtret,size_long,value_long,value_reit_long,mom_long,qual_long,qual_reit_long,lowvol_long,rev_long
198612,3.620925925925926,2.1555148365710703,15.25586297936878,0.4108682775546938,,2.88120396316422,4.9621566502063095,2.681145554466367,2.259393375023604,1.3503170406081326
198701,1.992818181818182,3.2196239445448964,-2.0852530477893336,-0.1553276459661285,,1.639059811333578,1.1579032632969484,3.4739442826939424,1.6691513264030893,1.7653754191855031
198702,0.511081081081081,0.23709870929838747,-0.4397685309898521,6.147061634839765,,0.0757225666224964,-3.1247565413530243,-3.6161692264908503,-1.7973241726941178,5.029760458186784
198703,-2.580357142857143,-2.757591284666869,-0.8042379828669102,2.5683834393323064,,-2.653484598445095,1.703312441310196,-3.283527321617264,0.3600698952682184,-3.677230511169592
198704,-0.7675438596491229,-1.0710436866830493,-2.643714853174404,-1.643585449451531,,0.1537498544704189,-0.9078246790223258,0.3574612877970194,0.4142393790107245,2.355774068562756
198705,2.2939830508474577,2.494712991399451,-0.2372054639751847,4.187786256569378,,1.960836206468624,5.042896327469236,3.645796646177959,1.3934462160859735,4.364029615522887
198706,0.898305084745763,-0.000562495135782415,1.3463503734447542,-1.149524965637487,,1.257744821162078,3.185403340097176,3.5469136599198228,1.374024466751982,0.8116173938902879
198707,-1.123728813559322,-1.6770611310939088,1.6372243924764358,-3.003995552486912,,-2.6467399491722112,-2.57047482166772,-4.0132350509976265,0.1557003909059218,-0.1016082225076724
198708,-2.254705882352941,-1.889055055144965,-3.0981021206204566,-1.084669696355096,,-2.0163952174436224,0.948468732108763,-1.1660011256875698,-1.1092882559357815,0.9703267410448376
198709,-14.151583333333331,-14.674459981934888,-20.63876382281882,-16.695839972479785,,-23.108074357428976,-20.452925006657512,-18.796883913772188,-20.780328385997063,-14.828877232478453
198710,1.3880165289256199,1.8743055821410248,6.237138644378803,1.3243535494948544,,-2.1724708681503406,2.5679533055645978,5.472991771155605,2.7080644400399314,1.1592757398792624
198711,0.22050000000000006,2.7889772810638345,-2.1562285509441828,3.3829195735414808,,3.258537270498098,2.594877020485592,0.4827878364579326,8.651072470759525,3.0883794530098947
198712,8.631083333333333,7.652826721046099,7.108560468138301,14.354118744945104,,7.472421712314774,1.7503315945575972,8.915055234070271,7.935417744859813,13.236280850896057
198801,3.2835833333333335,2.843095669933118,9.73370046585987,1.8761268245368947,,5.7342430060680405,6.391511596143112,4.81259153465472,6.432251958993102,5.761669883043147
198802,0.5768907563025212,0.949755872833787,-1.8153409028135727,8.78682062018295,,0.7867577867844922,2.69464290382025,1.7496527260292547,-0.9548373536771868,10.058926789319711
198803,0.859327731092437,0.41396695481192164,4.522568046194016,-0.1014908069289838,,0.4608629675252225,-1.235759556231817,-3.0001261759616007,0.1362909166211733,-1.498007408853021
198804,-1.344406779661017,-1.068439330695643,-1.6386613253434352,-1.752251315735423,,-1.3758580732695669,-0.6361407194201959,-2.0049276144742185,-0.3525651087294978,-1.2372444754629717
198805,1.8825862068965518,2.7557154299089075,3.875841287420284,2.6712346722093003,,3.7157025340460383,3.5756194154684664,2.29115724498847,6.61877040379891,6.999089883533145
198806,2.3233333333333337,1.4220494083564428,3.410901059812532,2.553604593057869,,1.196793767325424,1.0749740966028785,2.208502058266846,0.3537732496054693,2.530987343138145
198807,-1.8720689655172413,-0.7789617945200071,-3.035849916200352,-1.4230579415682267,,0.0603345871062035,1.2653121950310728,-1.358444052132533,-0.4186574518898468,0.4336570188006726
198808,-0.5473333333333332,-0.12997806719054572,1.3666735286735157,-0.3916556469809664,,-0.9189471482585376,-1.2486684150473606,2.844320466934369,1.206813520687516,2.0942444915462817
198809,-0.5117355371900826,-0.42127041485728706,1.0547001465166317,-2.393208097459525,,1.0558116825621258,1.5437422008802455,-0.4775164510234196,-1.2468479502792118,-0.208627841205755
198810,-2.028032786885246,-2.083798341347556,-3.062312177279064,-4.5174903495566765,,0.187810333603709,2.825937568763943,-2.9754017707081304,-1.454228525844868,0.0866145739515417
198811,-1.3263709677419355,-0.10432182172652626,-1.3932891170894408,-7.486242920824448,,-2.467070611177692,0.7822429745720095,3.167267552809826,-4.55881569381124,1.838099251201095
198812,0.84648,0.3615498915623414,0.605794535837567,2.7689088799142447,,4.274124926181388,-1.1770424625513782,0.2700170577569812,2.633805114778339,1.4468978969137962
198901,-2.638,-1.8436894620860322,-5.446548471711538,-11.893401786523375,,-0.2151338150240745,-0.3585000711972658,-0.9316315369405151,-4.74898140481859,-4.0264219019815455
198902,-0.3428225806451612,0.1994328244245982,0.1943087369967975,-3.5310437646810784,,0.2263448271704977,1.471221012527975,1.146863784671646,1.1707492575005711,-3.440132248615896
198903,1.1700000000000002,1.8039354526207048,5.978657679673021,7.528043313134388,,8.391288834840811,2.6717889928748244,1.2027407316526064,4.800615877388098,5.698181918657128
198904,2.6987200000000002,2.159763647722397,1.9804259407414064,2.728755972630849,,6.197598495681862,-0.027258256965963,-0.3703155217450066,-2.7610910839016407,0.7837150543447801
198905,-0.11071999999999983,0.6637149765425577,-0.3133536256482554,3.852057394118812,,-5.356530608513315,-0.8674007693921096,2.0245706858162307,0.7141802294825899,3.286097708619032
198906,1.5557599999999998,2.787719377031395,-0.4227991326192085,3.816950195953332,,4.382892010092959,2.3464597843666013,5.104042435610418,4.703856521115153,4.15847777704488
198907,-1.0945238095238095,-0.2396978567948951,-4.303007473828609,1.8224276302069229,,-1.630713899890574,5.1826157098818735,4.001769468084749,2.623728795715205,1.0618590135155777
198908,0.42158730158730157,-1.135277163861355,-0.3710930947385734,-2.8105738118316497,,-1.548332469739489,-2.212857688655843,-2.97927275652958,1.4945732080787062,-0.7255803222518662
198909,-5.352619047619046,-4.025869341323205,-2.741740083969374,-5.955778628821955,,-6.09608019905056,-3.687971021800218,-4.832204298508438,-3.813884146610508,-5.811684658004346
198910,-3.9534400000000005,-1.5634908767595161,-4.114470876588029,1.162258406327309,,2.582527547621953,-1.150565817926148,-2.7816215578702503,-1.4502632744312165,-0.9005400005879753
198911,-1.4374400000000005,-0.7668335746585901,-2.54742947209602,-4.290331756486354,,-1.7826392397527333,-1.220723247157107,-1.3255113634495808,-2.177910115365569,-0.3040259223331836
198912,-0.8083464566929134,-2.8299428495470282,-1.0150341055871916,-1.2695978675926214,,-4.355555536670352,-6.008705901749893,1.065969818714222,-4.461900274401263,-0.5757931571090814
199001,-4.039763779527559,-3.324808569323905,1.404186760363065,-2.486610221438124,,5.28502788769682,7.751182063676032,-14.52391155541668,4.867528742257468,2.011795558835132
199002,0.9679365079365078,0.30852548138402985,-0.2520208135253777,-7.217303610593651,,-2.775888632730492,-1.1069534515509012,-1.3394222723897593,-1.5263340942640946,-7.850466295329045
199003,-1.0714516129032252,-1.5541103357377501,4.993824009370189,-0.7460822559858743,,-0.8143294053904918,0.7823712023884923,6.599148783119806,0.8549362660081368,3.991248620251256
199004,-0.8944799999999996,-0.11594567296463952,-2.734108570693037,-2.013031273458964,,3.10974260426999,-0.2301292361668669,-0.5244255132455026,2.371771623774422,3.4724365260742087
199005,-0.5091935483870966,0.8311651698982674,-5.978783039991784,-2.589622621395639,,0.0954039784646381,-0.5416107802057137,1.5021673393611985,3.036300133378085,-0.8699300316163923
199006,-2.908387096774194,-1.5615238685835557,0.0989205512379079,-11.277527990558362,,0.3840542090067718,-2.3827286616462566,-1.7196106883204465,-0.5442841061761858,-6.95816219054501
199007,-5.5178400000000005,-6.256613108217497,-3.326823054788031,-4.281340213917807,,-4.879846458268935,-10.832743769385054,-5.869388761064578,-7.144543025748252,-9.263296570990358
199008,-8.07096,-6.69863734800593,-8.088869314493724,-3.8479770504901873,,-4.191588456316746,-1.832880424817381,-5.578886865416103,-7.546504096109329,-9.83162714875608
199009,-6.60408,-3.2695226851525696,-1.6260392398587256,-5.775847750891266,,-4.457836582464696,-6.76870741086887,-9.40212553665536,-1.6163510821711378,-14.45918155009628
199010,3.957698412698413,6.42336082181478,-1.384632222624332,3.1864576896904,,8.515793075007851,1.978754912296754,4.887148081378536,7.807087835347371,1.384835155973525
199011,-2.57688,0.3781116390855883,-6.865391064715942,0.284240641624625,,-2.682077792853865,2.458671487485701,-0.0475002014283486,0.5125796908490843,0.099993843235598
199012,8.49,8.420103528236002,-1.974381200766613,12.451046029471406,,4.061773922822408,12.763733530205334,11.210366807662266,10.047878426630708,4.852593131580182
199101,8.39,4.789584562683035,10.934706125015932,13.826328248382254,,8.893696721372512,2.267060803291642,7.10266994971835,3.6690159703405785,13.036894160553036
199102,8.947377049180329,7.84113374947591,0.8677677069240222,10.607111952001476,,5.860207150524159,0.5662348178753687,4.191250824349522,5.697094148736372,5.445034435040802
199103,3.0333070866141734,2.220620244547751,4.093284809551421,1.0117102462712453,,4.5711919328243065,9.694746095812397,3.974778917804944,4.199433059960112,10.65203718382362
199104,1.13,2.271181976135015,-1.6103555846132918,5.82673812157816,,5.150552700820233,-0.4208129617356778,0.2569898050782915,3.7184422159903634,3.200196681216834
199105,-2.4041269841269837,-2.489416856416486,-2.5680558277952583,-5.2162314113219725,,-3.368654569977553,-1.879673395865204,-1.61755078359727,-1.7483393220045784,-1.8520606714531056
199106,0.5281102362204725,1.910253489872186,-1.0760897777472624,2.953962018039878,,4.856319866138072,6.599982946451301,5.553009595636241,5.378506489540368,4.744074469768089
199107,-1.19,-0.3995678910452215,1.86906537536994,-1.7832721552644668,,3.3233596751798187,0.3210098123136939,0.5910039447456984,-1.7046305373319173,3.032693768823656
199108,1.8375781250000003,2.20670439149317,5.733512922277325,-1.0679160333662532,,3.134853344116898,-0.1388670205163762,-1.28396782372022,1.586435455738855,1.8494918400709013
199109,-1.7613970588235295,-0.5912487527095466,-2.264157337063551,2.9520786189768704,,4.439098346661416,-3.722738015804349,1.1991697237834862,-0.4538122587903881,-0.0817766723850158
199110,-2.7495588235294117,-0.26143866441073577,-3.7245180060445686,-2.866181909807574,,-1.491131760674454,0.0862830749351574,0.1440237372353122,-0.2185404907957009,-2.545373425399675
199111,-0.16843971631205668,4.917219079031509,0.9827547887963504,-1.7125417850104527,,8.695227957581379,10.221706646024064,6.559804777671564,8.361517097524365,1.0493845105571271
199112,10.40514084507042,4.76236780415763,2.5215281796098727,9.816629571450113,,6.2811601539684245,6.361116808971721,7.051787470535899,4.543378667594946,9.308317952459914
199201,2.7934285714285707,-2.4377024057262857,8.890190539643985,-1.5389089874134083,,-2.0327868537096654,-7.276894764833309,-5.617185665702713,-6.707076845687215,0.9301369059056508
199202,1.4405,-1.32542423264542,2.3983701369107484,-2.9600815115899377,,-1.1716046472231934,-1.0440604806493743,-0.6951200554285241,-0.1129101240559625,-0.9301950487958516
199203,-2.5265000000000004,0.221711916168641,-1.2486254958053349,-0.4229518709390071,,1.1050337059054354,2.445154018830637,0.5311616186678699,0.3687339680079736,0.896549247560805
199204,-0.0268345323741008,3.0058977215832097,2.698231240681084,2.336930199599134,,3.117496445901036,2.1374796704522567,3.705826725975772,3.1717330539118604,3.472259124637904
199205,-1.5331884057971013,-0.9858121881571937,0.9788312799343896,-4.264747084682101,,0.0486327300302612,0.0723432417160818,0.3728941233777026,0.3767461676563964,-0.9678449765467082
199206,1.957080291970803,3.396252867674263,0.7800726073314184,-1.3809551950597585,,3.851819817187884,2.98689994162304,3.31797154632736,2.895815483345101,6.037440487419231
199207,-0.6515217391304345,-1.1329322529036514,7.09667128890986,-4.0455072507216014,,3.761822952893978,2.617538411071448,-4.435347235953009,2.152134438838234,-0.6064695707805907
199208,1.311785714285714,2.373551387037146,0.3538916774017354,-0.436837001151696,,-0.7897642937732194,2.954247745859014,1.6020258432432226,2.2628449865737514,-0.4216541218022654
199209,-2.7372857142857145,-0.13824777985036577,-5.204969327898074,-0.3053807327780378,,-1.314758114782022,1.619171577812111,3.162845153727766,1.4462683806923502,1.1377391175415197
199210,1.8085106382978726,1.5329580409376695,-2.163613450348248,0.5834845726799353,,-1.6287682622505713,-1.2681036430664971,-3.314863653109151,1.4049636734357145,-2.4516827094865685
199211,0.5081944444444445,2.217171683111877,3.413264548611487,-1.9697999392443548,,5.930839906272059,5.46392214171308,1.4910882873946103,4.03392232628346,2.020590808690459
199212,7.965763888888889,6.375650506461176,2.484232674017141,12.417319554776372,,11.263131226530495,5.599695765779224,7.499991150369812,5.342397850176745,10.857877402699785
199301,7.45103448275862,4.3654967834106335,4.086432355632461,7.009640776897053,,5.08916176631397,3.806329758466543,3.564851855098901,1.4696415313130466,2.2368257072744613
199302,6.871836734693878,7.347269076150778,11.946464785765444,8.502031855079354,,9.81112235904888,8.289714035279472,8.5343610081346,10.762557570295831,9.46791048243559
199303,-0.36653061224489786,-4.400382911317,2.8943724397350983,-3.69045033686744,,-2.444293799084544,-2.321530274356625,-2.7334424108955035,0.1963568589709583,-4.345458422178635
199304,-0.10418918918918921,-1.428062490296893,-1.7191773170452918,0.2241419949095875,,-3.126626206799177,-1.847096444020231,-3.55575543324711,-3.109282430956893,0.7289768743927517
199305,2.2511764705882356,3.159232034273807,2.477780818236597,-0.3619221725145991,,2.1418141762291256,4.391913299540393,3.786994539651405,2.878618043485448,6.695324748660012
199306,3.509354838709677,1.6539892182933624,3.232728456872554,6.007654162098874,,1.280117915724908,0.7476347014419891,2.2967822446339987,-0.8129154930591352,2.6411951175229724
199307,2.5304458598726116,2.213654810320672,5.600974664469123,4.518849886850732,,4.106793796570504,3.253597001136829,3.1676917111643594,2.534691215604155,1.848310575031438
199308,4.68078313253012,4.878181478017634,5.363559118071042,8.162631196999193,,8.910844920074721,8.57453332665777,5.825722792063086,4.618708920666617,7.294244282360146
199309,2.1592814371257485,-1.1434233672410588,0.1304757247023532,1.043432861480785,,-1.3047870496639358,-0.9570575539034528,-2.142996126938732,-0.1643875695814789,-1.4259902348960996
199310,-2.7825842696629217,-4.910588270586939,-2.472508455769608,-3.822096633799735,,-3.858097220759729,-5.133667525805313,-3.009911958886988,-6.103523434765351,-4.719696771536778
199311,0.9111413043478261,0.46395805205616497,-1.1638711121291978,-0.2755808610135328,,3.794853513410669,-1.911703793135116,-0.8074624794931513,-2.6939808273527537,4.686826700942885
199312,3.0476439790575918,2.812621743181682,5.069363376275194,3.5372628596038105,,5.447943978264165,4.475712245713655,3.0123527414789506,3.611412215390625,4.784340220241705
199401,3.0556345177664976,3.2675928202642255,-0.155970155343182,-1.2972396963680253,,3.7797779424524327,5.264079058141686,3.5812237843306507,2.3259669280314745,4.700135466106536
199402,-2.4876732673267328,-3.741207571142688,-1.6589875903309517,-3.9559576564533967,,-3.2971284063775563,-3.231203356564868,-2.974118598507272,-2.3999095356889613,-1.934234261348176
199403,0.7524761904761904,1.6106310682828644,0.4525977693526142,3.672073220546326,,2.883304313966013,2.899086584140214,0.3481479462630896,2.601725495773461,1.674437847049299
199404,2.1535680751173705,1.8957476779925466,2.717096706463712,7.346585568957487,,0.8950057843376367,3.5334005273305245,2.1403112075577515,3.470327527054436,3.1002445407537955
199405,-0.25920560747663546,-1.8591188668225649,2.7442905469498173,-0.0090638054645588,,-2.3528433730242995,-3.291038199622084,-3.316768933481676,-1.9827989846069136,0.446059871740016
199406,0.5136160714285715,-0.3676316952074754,0.6847283912896619,1.1034038949563287,,0.5190635612974613,0.1211309767606389,-1.64722618680482,-2.1119975577350263,-0.2103822296196872
199407,0.5101321585903082,0.2659942955571067,0.9776792135402088,-0.193782111147072,,-3.0127830206932464,-1.1364415094647191,-1.6833267434293222,-1.1214134022585145,2.1231101158325068
199408,0.9170000000000001,-1.670775231050243,-1.7363093155569311,-1.0476324954661191,,0.6258331117891398,-1.2860473458098325,0.0520318275124746,2.642601157760026,0.2917586062622498
199409,-3.1528384279475983,-3.8983162056622547,-1.6954815570639024,-4.742746436667312,,-2.5313628564933848,-2.5945483206800706,-3.4818116014211355,-2.2775396205139384,-1.7978571352877002
199410,-3.3529999999999998,-3.5473315071210654,-0.3399901743097285,-4.444957141954139,,-4.461493035784482,-0.5618771148147301,-2.4440316381250837,-1.991756451277625,-2.6169865216629686
199411,2.9499567099567097,6.898784364806909,-0.8826407577402712,1.990926655164894,,8.792207612543796,6.269198158118988,5.978903068720941,4.764733509698824,10.807979510681111
199412,0.910565217391304,-1.928713359674711,0.980337255683731,1.3042126671447525,,-1.726882271846504,2.3917791852840136,-1.4251896654171816,-1.352691006467392,3.6082540172638007
199501,3.8467826086956523,2.974581472373693,3.0664570672649383,5.353838327809121,,1.9647956550900407,4.26339297627297,1.5337620049416143,1.6685440786860797,2.313750732258528
199502,0.41816593886462883,-0.13028511358282188,-0.0763937678340654,3.56597388299423,,-0.7762239815750528,3.374923129607631,0.9242990292016008,0.3262526558829252,0.9493479715825456
199503,1.2677292576419215,-0.07772450620786767,3.271506884570679,1.8708494626416727,,-0.5213974923731335,-1.1432681945105374,-0.4108493004421449,-0.1865110642694008,0.822255824269025
199504,3.1294323144104803,4.26033382987737,1.7498503612661056,5.291113307258812,,3.5746825542193355,1.7735719364853204,4.958728745723096,3.5624557038583493,4.537849343643914
199505,1.8120524017467248,2.2401913163398848,2.58875836590778,1.7920787464160604,,1.815715502058904,1.8263853823402143,1.780414504339329,0.4224084536607102,3.4256785973506645
199506,0.5017982456140353,1.3927307443851267,1.7717748751566398,1.4564264122050357,,1.137501503284388,2.178877180032933,1.378372017290662,3.023462281100057,2.5380999841963936
199507,1.0437117903930129,1.191269571233678,0.6958711393172937,0.4067405341639762,,0.766111355273079,2.729734198371363,1.6120891352208684,2.4271151142823464,1.0058692338034376
199508,2.183896103896104,2.2951859402696884,3.273291032463972,0.3087744269744562,,2.4843699740143688,1.2952965926693176,1.562634717422427,2.6738641655150497,2.637584514853911
199509,-1.2753478260869564,-2.1994650330829053,-0.3598217769348695,-0.1410592030140048,,-1.4712331322036316,-2.367425060716568,-1.478971061488293,-3.212888971840522,-0.8310411237112268
199510,0.07406113537117906,0.8804695136797888,0.1855071923590016,1.5047795412148874,,0.6085290865064952,1.253008493100372,0.2995517907369715,-0.4919405028855635,1.785308948176778
199511,4.25585152838428,6.019901756187092,1.3689408579344595,4.90110107023067,,6.861838707973914,5.544046912001133,6.435183603669886,7.523017998301611,7.049303217088911
199512,4.591441048034935,2.0128511273326635,4.185279955457341,3.3110863476587435,,3.6640504868180046,2.061181106542188,1.5704277874011887,0.2848391297504538,4.745353046507991
199601,0.5483555555555555,0.5496758029769022,2.1008754707841035,0.125976589408242,,0.5137609658125442,1.3528623143425476,0.926708023339394,1.5870608225955627,0.7371324192798295
199602,1.7352488687782803,0.41741647819208477,3.625351601142068,1.9545772181989003,,-0.4382795951027444,-0.9818822508332296,1.6801630416260431,0.130361914664253,0.3484435501197426
199603,0.33361990950226245,0.022119508475216522,-0.0883316537202642,0.8970277058764149,,0.2979257028379076,-1.1679444094938565,0.3005710002335731,0.8448316755744444,0.5111645059701843
199604,2.934337899543379,2.4239942154652496,1.927245502462048,1.250953916691259,,1.956988137105891,4.54493064522047,4.14656229119426,3.225566505061378,3.110183873208136
199605,2.1874770642201833,1.8829435032923634,1.7251220205626672,1.317610030737674,,0.6450064022206586,0.8824017866169266,1.4150664240721584,1.2142185857312335,1.9031819249710784
199606,0.12635944700460824,0.4817084395522304,0.3966143751603137,1.8032840178826164,,0.2703834399254954,3.27672913621964,1.308890844432257,0.5956014874717911,1.0161361288938515
199607,4.122626728110599,3.8614801633920215,4.344856190527945,4.594791152376431,,3.789368642032983,2.741333426747343,4.149856190759554,4.402421564865386,4.774756807889961
199608,2.5934579439252334,2.1803152594550523,2.556947017100064,1.8107172576358928,,1.7878120250108185,3.021535452797949,1.8686795742190496,1.904702861771289,3.2707468442252003
199609,2.25438679245283,3.114228250856854,4.941730383587079,3.991022192579306,,3.6262778344782407,3.500356005332954,2.787099892270109,2.785764628447989,2.507292098174603
199610,4.267638888888889,4.315910125674395,2.356841654658828,2.4806965216176224,,3.521785556227071,7.967804047371319,3.316989136523736,4.376542675794613,5.182342742320817
199611,7.862863849765258,10.34346374977159,9.497762390742407,8.079580020430525,,12.24059030266407,18.57743358820613,11.417415270417791,9.296856934166284,12.305161881597948
199612,3.557523809523809,0.8671739116136686,3.664272916532223,0.853591507527587,,0.6427894837493261,-2.3477153563220163,0.630294159607803,0.578014912347578,2.268926633327632
199701,0.12251184834123219,-0.06811952185246244,-1.6490335521377646,-0.5118170278151368,,0.1275148931351064,-5.065386079989321,0.0749801663644026,0.2003436743004327,-0.0348618012879154
199702,-0.23009478672985786,-0.48814618521506714,-1.4756446738390494,-0.8905150778368334,,-0.4665524458734538,3.928554061588424,0.5175016148877022,0.0989380477675499,2.45354553199709
199703,-1.643864734299517,-2.5436798547496617,-1.2138981632525547,-1.0749790420868754,,-4.71587567071978,-3.8220763039852574,-3.056716146888001,-2.8195142254188044,-2.486416297771332
199704,3.73023923444976,3.0407351027321625,3.559508508664286,4.065405326158539,,3.743774669657881,2.2177980525486025,3.087788123293881,3.501782613915059,3.8948820394448185
199705,4.2504347826086954,5.1355754791305825,5.9732729926037065,4.504229852343073,,8.423246823631269,5.822443095757668,4.641981658375046,3.795627251123908,7.010221652422188
199706,2.9672596153846156,2.861755377802307,2.4083291899256984,3.172933518344047,,2.8687279505147183,4.538069296180373,3.037367767066629,3.335182165269896,4.8013010318342255
199707,1.6314285714285712,-0.42208784444758146,2.49508599284466,0.1982994141061324,,-0.5748200660159631,-2.7067536020723364,-0.6651353583981108,-0.3822330276953938,0.1991161018521003
199708,6.655774647887323,8.61745292265184,8.231810840296939,6.711369802219626,,11.58599876259083,6.586851549942356,7.458269375890162,7.995771547293041,7.750809956243223
199709,-1.2486255924170615,-2.7286357462699735,-1.223900769300735,-2.204607559108541,,-3.339302542255321,-2.767085473866883,-2.4707843137649395,-2.49779880475735,-2.5095624149880065
199710,0.6830092592592593,1.785135760537718,1.3478163248148014,0.7345137444017948,,2.0589900349331165,2.1073192938637506,2.902944720471269,2.980657405058586,4.054035648192024
199711,2.440550458715596,2.3518428245702965,3.598108457752444,2.244604822804641,,2.8627582104480025,4.48519801570843,4.846135172117901,3.0216315458071588,1.9412636346325591
199712,0.5164090909090908,-0.8721704113534317,0.8198708052072949,1.2601013292871754,,-3.078272949144642,2.31200503471918,-0.1696588563430514,-0.7200018978854391,-1.859088094371124
199801,-0.7779464285714285,-1.8013790276193364,-1.5872462456276497,-1.4284157528083556,,-2.363828252704673,-0.5286215873806229,-1.6051850303382549,-0.4524344190594653,-1.7316208360322154
199802,2.3582589285714284,2.3692223500887577,2.066526141084555,2.6810920775149465,,3.2057671880074703,-0.4473509952327367,1.715388733230735,1.2694083132284957,3.0435538436042684
199803,-2.1129955947136567,-3.3469725834929616,-2.350917725216098,-1.8045294927578632,,-4.073925501570246,-1.8459710477766256,-3.758467776476549,-3.061329392029956,-1.646427415133397
199804,-1.1828384279475983,-1.0216869928729635,-2.086628613063941,0.434652465541601,,0.9911272027919692,0.0202998477885831,-1.3748025899109035,-0.3353924728836832,-0.0503750564685349
199805,-1.320960698689956,-0.0217542712400718,-1.1110570214893611,-0.4550089684987205,,-1.181750962646334,-0.1499858961018227,-0.7340108194486333,-0.6389729806803439,-2.0392439619294254
199806,-4.752017543859649,-6.975967399285654,-4.5323332410955866,-2.8002162340962293,,-4.924856572836133,-6.414770763257716,-7.562587676666821,-3.569556740670011,-5.1458106545538245
199807,-9.575796460176992,-10.300803469078204,-9.451764231229571,-8.982778309875174,,-7.76239992948925,-8.090204208695454,-10.130317230076116,-7.691357570510119,-11.818770443976408
199808,5.635466666666667,6.678020509948618,4.996619289094724,4.14297328922131,,4.875609676296978,6.961622758361069,7.471306883801223,5.102039371756643,9.493624310861565
199809,-5.288348214285714,-2.6787335417629023,-3.16446509618894,-2.8962229535698114,,-0.9074810381329226,-0.0497480831799504,-0.312648277382846,0.8745367254760954,-0.8578317715192827
199810,2.6864,1.7166381657423804,1.4031055416368845,-0.3946812872805281,,-0.6088816662367851,-1.0818448162209735,-0.3814678391680423,0.4338761492693674,-0.2362074849576132
199811,-0.5561333333333334,-2.32593698038071,-0.5305505212662261,-2.146851016427621,,1.6888865821793777,-0.1392664459449919,0.1642056578267249,1.8240171935273533,1.1328090844295051
199812,-0.3677973568281937,-1.9976367815982805,-1.792997949727022,-4.22076262911671,,-3.402166566171652,-3.2012919631070456,-1.4020257199535178,-4.381797467973384,-3.307483328426544
199901,-2.649251101321586,-1.794233744229754,-3.1452600635786925,-2.054472620915244,,-3.460768536122757,-2.29564659044266,-4.726764968274482,-1.7130608700045469,-1.4558004998081993
199902,-0.15408888888888886,-0.7652776766747434,-0.7714822191642668,1.0731674914040783,,-3.0855469778933218,-1.3159043267778925,-3.039979540398149,0.0786285842389613,-0.7110387050433278
199903,7.403422222222222,10.36245405250407,10.467147778195658,12.060772759009073,,11.206990009816904,9.066798949393148,9.226579729511505,8.800648592144462,10.326107107523711
199904,3.0884375,1.600182214675733,3.806928030005662,1.4986847093823903,,2.7095605560768665,3.0590017529439306,1.292262184217598,3.95436549131647,4.979457958672337
199905,0.8012556053811659,-1.431414180395841,4.076692062646572,0.1695027580416834,,0.2995487740616386,-1.413611794133353,-2.5830082834523256,-2.215151815381655,0.4256979017374541
199906,-1.9465919282511213,-3.9874864648044337,-3.6395522448585833,-6.349389734491886,,-2.345202351260076,-4.190560689978208,-2.521084560856811,-2.458497641910651,-1.724653363984595
199907,-3.2841071428571427,-2.5401948540024737,-3.4209127831606168,-5.315487291421387,,-1.2588068961381338,-1.160309330671912,-3.4726097378849605,-0.4801030345947445,-2.2792617369943704
199908,-1.823377777777778,-3.609639561623881,-0.7378062130480058,-0.1637185159561198,,-1.533409030093634,-1.5519674867150453,-1.4108903846176606,-4.2307746844935,-2.69240987740171
199909,-2.0556053811659196,-2.398992961196393,-2.700104859408536,-1.7775444209565598,,-1.774960302449052,-4.371902506378311,-4.55048596336886,-2.216530114424858,-1.2030566098554327
199910,-1.206108597285068,-2.2289532346745697,-0.7632158996028827,-1.6809375147143868,,-0.4093744301111586,-1.1581246214781402,-3.3908627741489346,-1.4169490098167548,-0.3118707065897592
199911,0.8687272727272728,3.092008784493268,-2.9908016824936965,-3.864227667442148,,2.5700701122020604,2.9472141253456288,0.1721482739961204,1.539242711825152,0.786586804450712
199912,0.1412272727272729,0.24186628827539475,3.401865169150391,-2.4940866856538304,,1.5435142783207425,0.8191199407171625,-0.8464375096246841,2.4814623703735137,0.443308861893107
200001,-0.8902293577981653,-1.526832407468855,-1.3997314873863982,-1.2804052886907773,,-1.5644392210708415,-2.737700142705796,-4.21632994002179,-1.5239387391867516,-0.6651056706141794
200002,2.1077314814814816,3.4627452139253103,0.9204275431117972,-1.0576882202242592,,3.5455106449275777,4.36877362911918,1.428763083792766,3.2060181091556617,2.6570780908944704
200003,3.513488372093023,6.670407662054421,4.0071144488271,9.962796006000534,,6.0606296342683015,4.712954859135767,5.405512898696891,7.081783860408918,8.059015090875352
200004,0.7491162790697673,1.1494755512573012,2.097408809736455,1.2216331928533448,,1.0871372808070197,0.9971095358357835,2.7398064385165,1.1086667382937505,2.0384714459083524
200005,3.468199052132701,3.1377223385635697,2.877381490314095,4.734064484762469,,4.4467938970628085,1.7936678739686818,3.786088931544718,2.332556673457495,5.116442564162209
200006,4.49566037735849,8.278221810964183,1.999226826632676,10.826610451520764,,9.524193287654468,7.922505692043872,5.66320943928188,6.060811717311256,9.672060371721605
200007,-1.9387677725118486,-4.023316416151498,-2.620438406676039,-3.231217647264614,,-4.610945663337846,-3.1280467008488304,-3.590857371056848,-2.688112193100395,-6.7532335004291095
200008,2.4764423076923077,2.9237346415034655,3.29951529867508,2.310351783846068,,4.802605837447396,3.0556756988443365,3.8157904358496046,3.675342359588112,1.920432966432441
200009,-2.9583653846153846,-4.383290277093157,-3.4622848244437856,-4.421070955154399,,-3.783386426273887,-3.379718722119443,-3.5647414142188643,-4.321947877458331,-5.107799737605223
200010,-1.0500492610837437,1.4740864273014045,-2.6601504580692508,-2.3307118140292684,,1.9023484168456648,-0.6118770597256974,0.1397393067344781,1.5763594679505335,0.7722246277069539
200011,5.479950738916257,7.119750286392891,3.091220502969838,9.187098978272608,,5.482467170526506,5.201530429005326,4.401303271797341,6.355197620667153,7.1567722333441655
200012,7.683743842364532,1.8462369785564414,8.330286171135942,9.675854306436074,,3.185791027754181,3.054787238924175,4.421690252114901,1.907057645783759,7.952994726963534
200101,-0.13166666666666674,-1.7226809084065715,0.8706825834504095,-1.6967169356242715,,-0.0969749805308581,-0.8478337168876837,-0.5255362025455639,-2.4373506810192733,-1.6181678427770516
200102,1.6638916256157634,0.8401147567206536,0.4443078102468684,0.787621920528342,,1.48144186307847,2.618721450441685,3.150580378115889,1.4899648852788134,1.4204108684739365
200103,2.9759405940594057,2.822307551141367,2.4025881293150704,2.499577601047288,,3.598213000244655,2.737148819736105,3.4908581025393275,2.205748417231656,2.371819476483702
200104,3.748258706467662,2.678760153162694,5.494510653002845,5.884819917434919,,3.046191685245074,3.843909093411091,2.5931360624577544,1.8204778781554527,1.4659915346264838
200105,5.248333333333334,5.443694309176813,3.979492531568755,6.140376723451493,,7.618605134090237,6.656064361780117,6.547478885722865,5.626549019526174,6.801383357912972
200106,0.04428571428571426,-1.7185604117975597,-1.602120596831535,-2.5353398739199897,,-1.047018106051881,-3.0465799779216214,-0.7954088687095056,-1.5703420336896643,-0.9784097935392558
200107,1.5828358208955222,2.972038419926639,2.1053604447262906,0.5370011829229651,,2.015027913186356,4.614268732140216,2.103944674024475,4.231488714489835,3.501249159441744
200108,-3.188090452261307,-5.092155470712589,-5.182451062737544,-13.48743609620734,,-2.866939532623735,-2.523664461351798,-10.776833640910136,-3.193998893056422,-7.497798247286756
200109,-0.5870050761421319,-2.615269386896266,0.3689108294429657,1.04306605504536,,1.8980611809383243,-0.1031987042253785,0.0586528602532918,-0.8181842821394321,-0.723801073115695
200110,3.009030612244898,5.791681477540719,2.7877339631930327,10.845771390476148,,3.591380942653327,3.568825924526465,1.9122851591582757,2.5989960970323125,7.002552151753871
200111,4.173865979381444,2.975535017292873,1.9330133876684548,3.9816735695084673,,1.9043192225188004,2.139887829566688,2.1439025830269367,2.1171338272894697,2.5589462557151985
200112,1.9472164948453607,1.083993463598117,2.075932993050848,6.206227042081364,,3.939624486230581,1.9334086138477768,2.448976388206363,-0.4957429642263428,3.989489857238047
200201,0.9334375,1.8666860438254345,-2.143791056168545,2.154192195771337,,0.5733231015703435,1.9333564199585005,1.4110853581289822,1.712956581673658,2.6801251815975906
200202,6.270523560209424,5.915711090437355,6.079021066390234,7.967131676068224,,5.41894212990388,4.374629694258554,4.260699706096989,6.398829926528192,7.103806735654084
200203,3.0791578947368423,1.2544338511837037,3.8921192920333474,2.2946974441864096,,2.5720614549673586,1.4944704424990305,2.1404614914976463,1.1856745602299832,2.879464693924372
200204,2.476613756613757,1.1046355198849056,0.7841198065872538,-1.4722060406706434,,0.4316891645165842,0.4120506600454249,1.3641404970720783,0.5389264033194592,-0.004863811188369
200205,2.605820105820106,2.36969952462701,7.726669051997034,0.5503371352423697,,3.913336925767029,2.921803830384512,3.5085800088018515,3.715970383080809,1.85807159742555
200206,-4.535989304812834,-5.810221339712292,-5.174703138346498,-6.819339775645752,,-3.28655827262387,-2.9107087130732934,-4.901399182511883,-4.747919564513437,-5.162188072234315
200207,0.12409574468085124,-0.028119828349245812,-2.0483499938960774,-5.108654635883182,,0.9117981851700676,-1.0959511593651308,-0.2691285009589996,-1.1485340908985715,-2.616456452027235
200208,-2.7389417989417986,-4.193007357134102,-0.3590764922482429,-5.085055315246249,,-0.809717631106423,-2.917202881749941,-1.7110090836746406,-1.620190254089884,-2.88478920835498
200209,-3.341223404255319,-4.338100262064045,-1.751217114390331,-8.740775539163378,,-4.034380638226578,-4.287579149242948,-3.658649229415514,-5.323062830129551,-4.711513384010642
200210,3.311904761904762,4.5623789965001995,3.1272911561142984,4.6024107431748,,3.005438268998449,3.726539547435869,4.214129111156537,3.833369516050393,4.918943465767571
200211,1.9835978835978836,0.9939362048033251,1.0960095294238703,-0.0918895639688759,,1.5843351984709846,2.201313757815396,0.9406289479516284,2.7288047868100533,3.0014593585910085
200212,-0.9922872340425531,-2.708996751367434,-0.9225977724075224,-4.405273598640544,,-2.648759587617829,-2.641920847092145,-2.007258516560613,-2.246040574792632,-4.773099691122422
200301,0.30405405405405406,1.427826091503181,-0.5053910587124371,-6.302559030879051,,3.7137992329448863,3.858850593021099,3.7203981718185775,2.942466565204148,0.6112530915594427
200302,2.3421978021978025,2.1410825944989726,1.2313989562831396,-0.5953745043157326,,3.2463763057218724,1.4169120633431975,2.0463543248226808,1.9491830205690115,0.5194442854135515
200303,6.303005464480875,4.974312805788187,6.638975038012607,7.053000212641064,,4.509575724651945,5.481732841160694,5.004196922423869,3.557781308837862,5.863153697929326
200304,5.894808743169399,6.264808699431994,6.838898378204969,11.720432395248304,,5.4338271375394855,5.476128258295612,6.835155979028666,5.809723563211127,4.758567581690072
200305,3.484808743169399,2.4715215948215596,3.0019857433930044,1.957286397007976,,2.659802209032174,2.610663287517033,1.9224470008731216,2.6489520414770507,2.364355419880534
200306,4.390108695652174,5.542455365218494,4.950776313037176,8.502803760982314,,7.027320230725513,5.291762994824652,6.931999032391723,5.343691039474024,7.895976160340599
200307,0.6667391304347826,0.5174610698974825,0.2714902527276177,0.1632201616801852,,0.8931542901698486,0.6186557712598343,0.5755349371314981,1.1335566397586814,0.2390310476198759
200308,2.681989247311828,3.173738732161171,4.764716367637222,4.993881904804767,,3.7728196065031527,3.559996396522532,2.5116044017979973,3.099469213938033,3.199772483374042
200309,2.32429347826087,1.963510573422358,3.253170223923524,3.087650495578888,,3.595877608825675,3.0597502592679087,3.206604168050586,1.15665944527733,2.9455049411236547
200310,4.43535519125683,4.4341199202984,4.043419821665815,4.53307679235847,,5.959460589126958,6.163638964361955,5.614271239672097,4.94684012661082,4.826980778942693
200311,3.9772928176795572,3.711662986868034,4.274735966342905,5.154913722303368,,2.5925879904471416,4.074483919450348,2.323474012358098,3.0624044642786545,3.7892563247204607
200312,4.985163043478261,4.220034260085777,5.173365040888291,5.064829817787753,,6.991073225556417,6.202757052028936,6.674976673468292,5.17687937634959,7.346952278508967
200401,2.0760540540540537,2.434463454613642,1.3306767003687243,-0.4163635804655595,,2.1180554721166738,1.8534969411413824,2.693212393186729,2.536162286176,2.2609800482033564
200402,4.149027027027027,5.432652508927736,4.163238301129705,2.9321571522249608,,8.02350479023295,5.75959475119413,7.144510925239561,6.132392888082855,3.540795543543749
200403,-12.939562841530053,-14.682573133746113,-14.190807749986892,-11.364584163661892,,-15.547412752264044,-14.825152380025392,-16.943118404673534,-16.11496444409073,-10.99967218985994
200404,4.416086956521739,6.886746204188157,3.568428778401177,6.131906478816216,,7.015360806225895,7.966850431632865,7.018201125650603,7.100121465422813,8.162207461067133
200405,3.0753513513513515,3.130112994419866,3.873590351492725,4.057331278107133,,2.5178184550707976,3.0088530034669594,2.8326301384966306,4.157987699338399,2.8040522309400373
200406,0.12670212765957448,-0.004594191391958019,0.1754516798750232,-0.1978786282716631,,0.7077140580805471,-0.1819924535810996,1.666385520094417,1.1982680220479474,1.838585952500724
200407,5.993492063492063,7.480219171024422,5.00511554309059,5.567236851257904,,6.370768782956278,7.442943676011326,6.629633604496496,7.029809228985454,7.659504892367981
200408,1.3368911917098445,0.3599676672989099,2.067451539272489,0.0764466283425743,,0.5666083111356514,0.8296962084868177,0.2225131097197458,-0.0820800675663662,1.5283164463165924
200409,2.957305699481865,4.5443729879418235,2.8978794922289,3.618763336501732,,4.256823496794332,4.991118882981993,6.591139866650647,5.4147667567676585,5.522933211768046
200410,4.92894472361809,4.849809439568838,4.601620857345584,5.097846294870156,,5.122048038357429,4.638017058779864,3.974762059530242,4.207373897150187,4.158932549168762
200411,4.688743718592965,5.167674939657092,3.935785796379992,7.367795518377072,,4.830774971699311,3.621028185270136,4.25318874393508,4.355236374588502,5.178174653752799
200412,-5.212574257425743,-7.5489980001745804,-4.746768051159371,-6.987817447971484,,-9.141662462683358,-8.274425723980167,-8.57910391274874,-8.49414089809483,-6.89935925186865
200501,1.4574384236453202,2.1736210032831864,1.852207366109901,3.2129924747472973,,3.688425379372202,3.0365203887996484,4.34653111118172,2.0441122056635384,3.6283827896562975
200502,-2.15578431372549,-1.6431287244137704,-1.689808203697731,0.1578245903277698,,-1.8479313142209504,-1.2083676641178265,-0.7161901471418572,-0.8896337582602544,-0.4094658413261444
200503,2.2779702970297033,4.065419531887745,-0.2052691160696018,3.033924536598024,,5.45380513835412,4.57562151146448,7.131375659665223,5.798773916357522,5.910715794817087
200504,3.0658415841584157,3.5686885063071223,2.3858016657085903,2.22040940590685,,2.7808348200831587,2.7576821168149563,3.562110768489074,2.4475950898725705,3.6982647037654295
200505,5.167832512315271,4.7290583504917185,7.208801105634186,6.503179017656089,,6.251266452943069,5.032480930435719,5.342348457061414,5.564607214314096,6.063703736369892
200506,4.226601941747573,6.510831840769174,5.609368456161189,6.075828274027293,,8.379978436507294,6.78318244806522,8.663602037010508,7.726291374802865,7.964132282203057
200507,-4.121826923076923,-4.412137146762586,-3.24271946535046,-4.313289606087633,,-4.055614574975507,-2.751165117393702,-3.7466624521358503,-4.297695958123478,-2.263036690192455
200508,-0.9148543689320388,-0.17840157965060302,-0.2569884649084507,-0.4637428612098305,,0.9622423842674944,1.7641066544606294,0.2803364552604537,2.8059141976795123,1.0120520007157114
200509,-2.521317073170732,-2.529222532988883,-1.7447428363109443,-2.142721410236756,,-2.943134820613204,-1.2856061844923314,-2.6646019625936908,-1.46975990770974,-2.955559314420443
200510,2.827073170731707,4.456913705712006,0.3505360140650365,4.983151376610218,,5.505158441899698,4.067712510021826,5.666762179516887,5.283939839988115,6.393429550088904
200511,0.3635609756097561,0.07668795901286857,1.8127179931837585,1.151973315974351,,-1.1968643083892496,-1.4111031142601331,-0.815095203548251,-0.7273345583487133,0.941599625840452
200512,5.5511330049261085,6.589467327178898,4.45220257442046,7.996693120376634,,7.360949989002665,7.572610921425521,6.63032063149667,7.754609151211303,6.901974278381535
200601,0.6110294117647058,1.643851230692755,1.094782327096408,0.241868373122669,,2.612753303646721,2.1563619205483806,2.652158974942791,2.9394657191358835,1.0253016186625357
200602,4.374558823529412,4.997598478371013,4.740576315735651,4.804565036847553,,7.709664121895331,5.354295063523153,6.451436673521468,6.325852499320494,4.038154307233658
200603,-2.68636815920398,-3.156145804526835,-4.408404919951916,-2.4852748702158003,,-3.972479931222392,-5.568605530247702,-4.781080778710895,-4.326784809793742,-2.9874516010519594
200604,-2.2284848484848485,-2.7897813050006635,-1.577227895189754,-3.099536242818167,,-3.8815087334416094,-3.465718647281036,-3.293615306347321,-2.782805496456568,-3.4532036727639066
200605,4.0562000000000005,4.9047752079389095,4.333115417159685,3.2534901095543054,,5.28525971794184,3.640778861607453,4.738548790457903,6.225900253538341,6.71407980210454
200606,1.558391959798995,2.9956079739678705,0.7557029638216854,1.9897416923477893,,3.658518874396759,4.004627318719315,3.9620974551162895,4.939144153855564,2.856807392034152
200607,3.4263316582914567,3.3559191480934425,4.230653827407783,3.4769715895625803,,4.345396941828297,4.259864970200823,4.118222030638724,4.158700157154939,3.2588196313180053
200608,2.047929292929293,2.032386593755872,3.617136309040145,0.0867798157329028,,0.3812181417159131,1.0460402102187505,2.5846949785429167,1.16957077466114,1.7518958589067872
200609,5.847333333333332,6.284112232655946,6.284686900248484,5.891627499956972,,5.927495703450412,5.922202200490863,5.873844089686563,5.842553433211872,5.728773692743483
200610,2.3705699481865286,4.373828155836318,2.467838508921562,0.6221214847211385,5.48,4.514168982101238,5.272832908514282,5.435649331033561,6.174280085775573,6.679340532530564
200611,0.577421052631579,-1.1775059764267237,0.3924871636009525,0.3911024606740865,4.88,-0.7432669145367116,-0.2289654101047804,0.2293644906600287,-0.0938510351204868,-0.8001008908525375
200612,3.732903225806452,7.719784466998319,2.4733412275653595,4.940182212925956,1.47,9.126566851681572,9.134164817344349,10.208277790114712,8.972420286160935,10.392308076760546
200701,-2.542934782608696,-2.8665161057135613,-0.2887767181125842,0.6363609283349876,1.85,-2.580134438484859,-2.212187102216477,-1.883923344929469,-3.165577994122969,-0.7201056476456114
200702,-1.6745303867403316,-2.304686966040216,0.3068209230631559,0.4204868200670271,-3.72,-1.8884530640766424,-2.5684832290556905,-2.017263450383692,-2.9411282314778715,-3.00684054911778
200703,0.9317514124293784,0.14800548369142924,0.4305569086987959,0.0058072325551898,0.4799999999999999,0.7058183590350414,0.4492493968038434,0.3030211421659157,0.9602442827393498,-0.0825025875588852
200704,0.49011299435028255,0.1463317808985878,0.2721643805578785,0.64399287471488,0.35,-2.356191549145618,-1.063700582676548,-1.9423915581452884,-1.941449200750136,0.2542596521685066
200705,-6.04153409090909,-8.951427468029728,-3.8853723710138,-4.82523706327512,-3.89,-9.703755398467804,-8.725498545427925,-9.719246375915796,-4.527971579089599,-11.320692800868883
200706,-11.856184971098266,-8.994850195363423,-6.5113876673952245,-10.35426504140161,-13.089999999999998,-7.082508952160667,-7.705934548743013,-6.472805119760243,-7.882965125636432,-7.897092574028736
200707,2.053214285714285,5.342055329290888,5.3205190877444855,6.0909566820117655,7.359999999999999,8.390173100326457,6.226571723505465,8.165407468064766,6.54401564578307,9.450163658552386
200708,3.1789156626506028,4.35621738720749,2.2981423541585664,0.3716963295118949,-0.3094289472412488,3.0225521633919805,5.623890573147932,5.415302239746964,3.593673409916553,5.465560369302248
200709,-1.6958282208588957,0.9203782922376581,-0.4904666201350419,0.7069330496066549,8.145840779111197,2.7842408989204026,1.1303915654462775,1.5821912937311342,-0.4653310297366982,1.442823360765719
200710,-9.102962962962962,-8.636346693852742,-5.214034017724598,-12.075375427283642,-6.281125444682883,-8.287912118589523,-5.769058087816991,-5.805561300209673,-8.554406012522666,-10.719309259412997
200711,-3.2080368098159506,-4.225365330121797,-3.969531675379564,-7.74547519604441,-5.456531964422213,-4.375085196464325,-4.468695574540814,-5.526378651895843,-2.872109391822298,-8.0421679676118
200712,3.0006172839506173,-0.344893695557895,0.7894844123564788,-0.7157997839791362,0.5832969364076795,-2.032353637883717,-2.300503572160182,-0.647354916687388,-4.020275318214765,0.4635348871043374
200801,-3.9462962962962966,-3.90806815402116,-3.3886209880662554,-4.548525899861657,-4.810127118008718,-2.726223991358692,-2.52534728866199,-3.0009719224925018,-1.7842413037689342,-2.9270215595930846
200802,-1.1351552795031055,3.3508147981358865,0.4344459371139083,1.2001180718403357,1.5002911957244704,7.949915204212636,6.89856581775416,7.599723232721388,4.172869231501406,7.655127343926077
200803,5.880062499999999,6.382574879357746,4.476252160199504,7.10151867083167,6.882896854658266,6.328794631193067,5.506871501848583,5.328602192841056,4.895902754348072,5.9941543206075485
200804,0.029562499999999957,0.8388019733184882,0.8514146800914995,2.6775339751342098,1.424565295758916,0.769998669022231,0.8142539844725782,0.4857609062693312,2.2340234619253585,2.0350736834320515
200805,-13.145749999999998,-11.421598867323477,-9.27416076787804,-15.16671267409637,-15.578572689707215,-10.129094296471294,-10.254533798985314,-9.960232527202036,-9.18869222699978,-9.661792337306643
200806,1.2244025157232699,2.8257560282823637,5.465211781894313,-1.2257859855298925,-0.5850926974029769,4.438357794399912,7.132354391245283,5.763561913738879,8.585369916480925,-1.5284139707990454
200807,2.3137106918238994,2.1066601182247644,1.665330026280148,4.8413046331937695,5.614365225697127,2.3020582324782524,3.802241968139191,4.120497162591139,2.3327914796438782,4.758640288341748
200808,-3.0413836477987415,-0.4112718199045621,3.261114328364408,-11.087891128592608,0.5299135793018502,3.838367869164418,3.5991882848318104,2.195779483929962,0.478950360039294,-3.381929202143404
200809,-29.4717088607595,-30.212489094049108,-25.436802210547043,-41.19751483000777,-31.900648865556136,-28.12905974750668,-22.114218799466805,-28.88791295555143,-24.09275417395,-34.92599801638236
200810,-21.814129032258066,-21.42869114222431,-15.251588021692884,-36.4216860276816,-26.23373171278923,-18.472403694507843,-15.893508444736778,-18.41644380451867,-18.58977319540444,-37.39156054910708
200811,14.32887417218543,15.420812617642756,17.266208816640685,17.095615072103957,9.964736162746176,10.39808977082971,10.608941653393456,13.227932512933616,9.695411867910831,25.776915015840984
200812,-10.920800000000002,-16.507424063077206,-15.870768646534032,-23.10840070375089,-22.62212625280036,-18.020045828727618,-17.31495865605903,-16.453425074142427,-14.810434707555553,-15.250467746968909
200901,-20.786054421768707,-19.29671495163456,-16.134442846324994,-27.52765179820629,-25.38744184255773,-12.908501965364248,-16.917519388245445,-17.84942079765389,-13.34070225949083,-20.830855174693163
200902,7.5704761904761915,4.417549346090497,4.943691898430786,-3.276803301172568,8.400935946606191,6.089963090663146,4.72899488394597,5.257252946668264,5.723056200959797,1.1138084514159334
200903,34.27427586206897,27.8812348350666,18.90447934183689,70.47418261247101,56.818664787762486,17.72769077380319,21.07434484296548,30.8722909889389,17.63361283332036,36.30850773743912
200904,4.788689655172413,2.133648360003307,-0.7555330612437546,12.66329129481301,11.757525583049697,2.711261315541676,2.483122243256005,0.7524229209814692,0.7858536760674071,1.3722632320965338
200905,-1.0540689655172415,-2.5568769230330353,1.2468908617795167,-4.4345690763347765,0.7003432982112655,-3.7686275101009072,-2.8841461212490183,-4.0630017533921725,-2.890649667664906,-1.8811209719467208
200906,7.330337837837838,10.121432802142978,10.29173153292021,9.188006719021704,7.022064490506571,9.176832932223808,10.031170314280322,8.80141186394271,10.38005362069248,7.633146367489777
200907,16.153489932885904,12.180949875523243,7.964404494745359,21.12938639070773,11.508318937526846,16.526045015916825,7.539189584865653,7.978822096224495,4.30436015468,13.763256564130252
200908,8.918255033557047,6.380468204189812,2.3005798652144542,14.02016338787302,12.599926750370628,8.315412315636724,3.93784967121045,5.825531280529499,2.265411573469162,3.923744113001213
200909,-6.686184210526315,-4.791532219858756,-3.8067661588229296,-10.089417300536184,-10.023897476372834,-6.100950271357148,-2.498244966170448,-3.9296765292864713,-1.6277140656970015,-1.41338600550814
200910,2.6879870129870134,6.807280039516252,3.050595457369522,8.180952484565756,5.431050096966204,7.656591767365779,6.701034961888268,7.187507641442676,6.29201110381809,9.085907503733033
200911,6.5696078431372555,6.369025922962993,9.681773709834644,8.791200525966564,8.049638887872522,8.612020324030976,4.967946368728763,7.329772323225327,4.800337194231661,8.205539187263353
200912,-0.9854901960784314,-4.6562547646074846,-2.049149830410512,-5.497768176926838,-2.76962812016506,-7.133733962290925,-3.21912434720084,-4.297985119815518,-2.896939133561041,-2.6157048823196054
201001,4.13051948051948,4.887182175718118,-0.8857446965234077,7.571837321563414,9.784238650327287,6.848382349871633,5.767559644664105,3.026081370992177,2.6799122231205823,8.099109948367811
201002,10.351089743589743,9.416993565248987,11.41851863263151,15.19618810418671,18.88920019910035,11.58781112541204,8.529146462591875,9.344130802082736,9.08844167911483,10.938360445808703
201003,9.137579617834394,6.440089399179391,3.770415020989078,6.327183696047357,7.01377714798003,5.854633290067909,5.665510552844015,4.640610460980645,4.192083611050671,5.998777608943194
201004,-6.785471698113207,-5.6520055494042944,-6.524785695242085,-7.75411490502438,-5.803857327332312,-5.673054261185052,-4.31836803288704,-4.271669420750026,-4.3044279785234645,-5.2171374671100805
201005,-4.837106918238993,-4.892589626802067,-3.749752385305202,-7.619163559172369,-6.490547282554156,-5.57122783603524,-2.6566589239980125,-4.351720116959548,-4.397401630148463,-7.302174170822181
201006,7.686211180124224,9.243968190495925,5.103434894290219,8.026744012239465,7.410377294515269,9.335446202190123,8.84549325350161,10.253902601341952,7.955825669257585,11.7579568202263
201007,-1.7308125,-1.370757204352151,-1.9007760360102264,-5.288705817816082,-5.261764607726981,-1.4411688656031976,-1.2297717870542977,-0.0320197277266529,-0.2101439821262648,-2.240370487141787
201008,5.348074534161491,4.471720491645072,5.80429773248589,7.081562712378529,8.435874915377427,5.064415873973814,3.025131589848359,3.27321388185011,2.6300628142118168,7.238296265464629
201009,6.622654320987655,4.5570031286950785,4.967098936467381,7.539493090220777,8.31021374552575,4.812950384559627,3.508252479552328,3.824523934175104,3.452913966686114,4.122346364104046
201010,-1.5333742331288345,-1.1796274347373994,-1.810874905572364,2.4647256492868044,-5.176536639250942,-0.5311253836685568,-0.5182081302648552,-1.756892599039502,-1.7439736847221028,-2.040166847757928
201011,6.219207317073171,4.719737221880914,5.262547779458062,8.922347199039127,4.438766065709326,5.777132785928803,3.9249365643300966,2.568296928551116,3.831569588218146,4.09934940964615
201012,3.010609756097561,3.672418385429842,0.9608396517416354,9.54236238682042,5.979697165858283,6.627054124848712,4.154079476790669,3.4399350148224785,4.636645811332839,3.307595731996777
201101,4.627393939393939,4.501153700329357,3.0328035968144493,3.4794079645955165,2.9853754730715454,5.50733870170861,5.722739365318911,4.606278657788338,4.4139474635384985,5.161114906230594
201102,-2.523313253012048,-1.3655504650377477,-2.690456717115929,-0.5937412787817531,1.6042491750652856,-1.4511259404842587,-0.7669733652463641,-1.3021316653627957,-0.609341760224586,-1.3439802511851695
201103,3.894457831325301,4.865836140625386,4.0576034613308245,6.753570177198612,4.885754773880837,4.932907761285351,4.0827081982251086,5.203539907728411,4.668069074622358,5.938379768079021
201104,-0.2619642857142856,0.8212529183417853,-0.6505651456408627,0.2161393810223008,0.4107246840898071,1.593282418929661,1.24253690159827,0.0169753018251463,0.9436533572009824,-0.9878634287757996
201105,-2.610654761904762,-2.6631999874273258,-2.100622550690178,-3.528609071491603,-1.4663097620269767,-2.3586550785405,-2.446472186189928,-3.0474305887804216,-2.6165548851578966,-1.2914177054812197
201106,-0.903392857142857,0.3691657918507336,0.243303100312492,-1.922009350999676,1.0658350842989828,2.581189469516199,1.3192088279168952,0.4813892260242119,2.3356311832666337,1.3416033331436514
201107,-7.5233333333333325,-5.110595182302106,-7.015576214205978,-11.69010580599562,-16.871267539977687,-5.138916881358065,-0.4807090261293217,-3.052237822480305,-0.1788644018701133,-11.475191429538125
201108,-9.82607142857143,-10.355882022620026,-9.495408539137593,-10.619180388990715,-7.819622678016264,-10.204620029278082,-7.893938726836464,-9.996259167939629,-10.286237416249593,-11.812244801442764
201109,11.403609467455622,13.286012776099497,10.054965276960452,19.685899070821343,23.020741930656552,15.221365945320944,13.319400585759988,13.885928947294568,12.225054964905611,15.02654429282711
201110,-2.726627218934911,-3.5162303846527534,-3.727678938204349,-4.338998994539509,-2.155398706231055,-2.246640303862856,-1.2979215333083067,-1.9987679358106951,-2.092471235691989,-1.1945564218005689
201111,4.02508875739645,4.540093178097803,3.8571639991890274,5.553760078707185,3.628099621151864,4.5828066123489775,4.092359002799757,4.726217777812365,4.387750703069041,5.245935124031763
201112,8.460892857142856,6.513546038469722,7.493622719999188,11.601351219529311,10.355701255226332,5.665255275322628,5.466517312886237,5.300256206067701,5.223516261827396,6.745806138987597
201201,0.3787499999999999,-0.6616497520779323,0.4556329628101098,0.7961768748964344,-1.6338533530442398,0.4296473549015026,-1.3681737536398604,-1.6328201915703664,-0.8432925255925642,-2.3602174815395585
201202,3.8724404761904765,4.3909722702074205,2.992918675292241,2.908943798279316,5.206557122761093,4.572574621659804,4.949369048174006,5.267820675726052,4.264610108391502,4.11922455687379
201203,1.9630952380952382,2.7955651582469025,1.036606003495968,1.2863464131236506,2.53173015067422,3.0675160385997464,3.949581611119219,3.6885806872404183,2.9392070358301954,3.4533832547690824
201204,-3.893882352941177,-3.9428013379567775,-3.891178079977129,-4.933334459281451,-5.8754463296252935,-5.0847456905912205,-4.155110656106732,-4.261099176505221,-3.899303769885648,-5.890172259136618
201205,5.749824561403508,5.856325267530125,7.006057824956789,6.173744965545623,8.176219257120938,5.884664889643428,6.796024027867796,6.110476196510707,6.99542505462699,6.8971133246235965
201206,1.9817441860465117,2.3163844260557345,1.1142254147752098,-2.671507830922406,1.3266281998875802,2.098762110900283,3.296826230164521,3.076592591730537,3.686636193122943,2.229239057826866
201207,1.9284393063583811,0.4901349658892853,1.986380529300735,2.876105551920454,3.4072611867073053,-0.4833966939697071,-1.6505431635666616,-0.8599160392450653,-0.7576860640860594,2.9397098583541315
201208,1.1970520231213873,-0.8869519646545683,1.7287835264739444,2.780585956873648,1.932383352606194,-2.793503677209201,-2.261332840900064,-1.785028122099045,-1.1229481091270903,-1.838967417663
201209,-0.41597701149425287,-0.3633275427471354,0.9678282987045234,-2.8210972566765964,-6.158427633443629,0.1620972790868526,0.6192405458415827,-0.2490042572684297,1.197525401454795,0.0709969792582566
201210,0.13502824858757065,-0.6683016749462757,0.7841885960921515,1.1177812437285084,-0.2324453683849815,-0.0309353401538605,0.6934923027327887,-0.0226817479967788,0.0040627703832417,0.1609155706724106
201211,3.445593220338983,3.17362476916238,4.025246242096679,4.189721402378658,3.565347357530273,3.2969101635446703,3.5512647746960666,3.8985880241923456,3.6198724312256223,3.7090431388423815
201212,6.410168539325842,4.239413781988805,5.9736800458854,6.4425069469906,4.64727455685529,6.338879390725025,3.112859352057133,2.508281970249957,3.142921450335661,6.217836053316312
201301,2.6924043715846997,1.2933889935086338,4.427436285587667,2.2156288050479884,-0.7712911345134229,0.2680396590428511,0.9651264852135518,0.2601907422755115,1.7383204688948724,0.8945961141983072
201302,5.610108108108108,3.2762387257209653,4.882518574265973,4.578881486126023,3.974621890752269,3.8995325520453226,2.793749767325379,2.630714167517481,1.9555449610205704,2.5916286381695683
201303,3.517807486631016,5.842283735843286,4.284476073942674,4.2435228392213045,4.891099338854269,6.415806828789258,5.98159293241942,6.906280703512787,6.6340947578779375,7.78554705916899
201304,-5.362566844919786,-6.567032189858174,-4.6026947179026925,-4.5745614967696655,-3.883294245859976,-5.963383872754922,-5.925826504094503,-6.247152228564156,-7.33370709856333,-4.487911463021344
201305,-2.6538860103626947,-2.319048203503933,-3.309926716434839,-2.6152975839725907,-2.6366076196971946,-3.1591032658547014,-0.4348259074739272,-2.146086259543796,-2.024516650781192,-2.5766374627379403
201306,1.0956476683937824,0.5529760220635003,0.3116295704526609,2.620517131321608,0.5400990406471469,3.1959126917382354,1.481881889739494,0.5468089482622065,0.8005471820123042,1.5313448556228373
201307,-6.380304568527917,-6.245392239149688,-7.103304128077304,-4.816357319797677,-6.575197405494116,-7.56092503090637,-5.591403039068814,-5.875835144064732,-6.502262237832982,-4.7354104691316
201308,3.9261809045226133,3.5570217898081893,3.9356859287296335,4.039283980377717,4.186672667602155,4.396565792126094,4.747328581714457,3.799350939218218,4.131555172608769,4.29649819320897
201309,3.808680203045685,4.068955407037109,3.761742583680325,4.9280387058995165,4.003234416837904,3.618655582763875,5.708274582347944,4.170112893346833,4.50004387422295,4.594708712183452
201310,-2.3702487562189054,-4.5233072662587706,-0.0225778489407846,-2.735120734886239,-2.4170219557029533,-4.5651973674646085,-4.864487252987111,-5.16025012330555,-6.035828743637653,-3.829249337794504
201311,0.7682266009852217,0.8665521235379235,-0.8560706269563935,2.1495552595752656,2.9426248354035827,0.940436139909204,1.543758294308025,0.357439327756615,0.3361729161020714,-0.5485734408647123
201312,2.4786764705882356,3.572589453673912,1.2749560133293334,-1.0789804217064751,2.725520939341765,0.6866213544302073,2.985332395586868,3.4358478000071235,3.5548180992541503,4.961072505957339
201401,4.290926829268293,4.664939747846268,3.2238225523647257,5.678824155921287,5.233912367115927,3.615385708155256,4.429964271748788,3.7989934234868423,4.594560082672948,4.912676420514755
201402,0.07470873786407765,0.2509046525884625,0.1112026702174019,0.2818854847141716,1.1337702850353948,0.760549794895055,0.7548786684932908,0.4580731549258941,0.6455936276089506,-0.3981533842962259
201403,1.4096116504854368,2.8612109875335086,0.9457261440839028,2.5130193554436016,3.572108868987572,3.114371445759553,3.944841722191395,3.868704585775104,1.922370764398176,1.7298414720876705
201404,2.5371428571428574,2.761523929986403,3.005985933598074,3.904860231719749,3.172535257515293,3.1120788605396483,2.6411550384026987,3.0666045552363417,2.897921345493098,2.84391119393292
201405,2.0730331753554503,1.1887639146376578,1.3591670507304283,2.273325657531349,2.50517757776781,1.3456370968503717,1.051280547847734,0.8057662589193072,0.5726755095224805,1.206310079271432
201406,-1.0687793427230048,-0.21595506463972103,-2.5175538309414343,-1.7901673735391093,-1.17028466508077,-1.1471370545718915,0.7705190749099763,0.0830715310811454,1.2886625226707409,0.1342214333806395
201407,3.2663849765258215,3.3745949120811907,3.695896625621643,4.794112106136323,2.4063936341068795,4.072981554163171,3.114835824938919,2.812988023178286,3.158597786133129,4.744537956105248
201408,-5.377417840375587,-5.553054062406063,-6.308467776065201,-6.411856117824097,-5.982916687585581,-5.5914417329085255,-4.87430248057395,-5.3225426346507545,-5.590002230387194,-5.754096419123917
201409,7.800516431924883,8.569900868232574,11.94942752987382,8.202508938421886,9.9687033185072,7.621845380988578,9.107971415968246,10.31745904798431,7.528696689123159,8.171786551037572
201410,1.2415962441314552,2.177170342776372,0.5065580494444795,1.8139656471121544,1.4682277205300904,4.036508225750175,2.504709484887168,2.407295747759767,2.501364992466766,2.818712789984897
201411,0.9563761467889909,1.062533116870605,2.4411089052885364,1.5264023739429142,3.0287832835458994,2.273278709342812,0.5630010063440785,0.6587173752374945,0.0648777355244903,2.5444382373593544
201412,3.736851851851852,5.692000250915713,5.163940810460451,3.692744236690869,3.778917458716885,9.18031580439836,5.466664895535258,5.945055941145056,6.997071991835095,5.071509040967137
201501,-1.1170909090909094,-2.5957045368072853,-2.117777320594975,-1.7740327562245042,-4.930673327409264,-2.989137043436635,-2.893607987761663,-2.6859201129103765,-3.156346767471887,-0.4712467168057501
201502,1.3632735426008968,1.1851651803282746,1.8563811173656333,-0.1931332230354383,1.472808352643331,2.3275839037604387,0.4970511045818201,0.5780563677491097,-0.0958329069939128,1.6443999031848413
201503,-3.3783408071748875,-4.6511010052913635,-2.5913868855960773,-4.58451973897906,-3.14316301863563,-5.765847761011205,-4.005672516379935,-4.53969512536555,-4.268038627606583,-4.2334637733161005
201504,-0.7619911504424779,-0.15724104260069374,-3.3504597836308494,-0.9692677543143516,0.1200940701184216,0.3630875781439319,-0.1202509930382064,0.5425809195474574,-0.2334666157407189,-0.9083188298477998
201505,-3.7213157894736844,-4.266930520595338,-2.248783280365016,-3.334020706487056,-3.2034298529938194,-4.8085310818987725,-3.09972146792201,-3.129760858065671,-3.6557860269818536,-2.927854125711981
201506,2.5537554585152837,4.784297203816423,1.4790926642108004,2.6059028569096627,3.941536438288261,6.354136739502486,5.157091128111384,5.204462584706223,5.721627466794503,6.315618614462651
201507,-6.454061135371179,-5.58634337418995,-6.840169958033121,-8.85622280601644,-8.213125561206866,-4.391231414158208,-4.400131235663218,-4.388138509592308,-4.372399493861888,-6.158945924432216
201508,0.7925438596491229,1.8829191551862288,1.5473161676121718,-0.970603159028642,-3.395177302754869,2.856072229025892,2.321819386169625,2.5829110831759654,2.3148663897097537,0.466205625644971
201509,5.206211453744493,6.128780596582367,5.829912480278858,7.409581237038029,8.693409830209962,6.268482338563359,9.630073462166228,6.97183157665604,6.40757979294959,10.542604417707675
201510,0.5004824561403509,-0.3482996643253068,0.5066250737201236,-0.216321304641916,-0.8187539935387596,0.3657506964997909,-1.1732382231520777,-0.4276419811557454,-0.1037634730047971,1.9159171022508543
201511,-1.5626431718061675,1.1050339694536224,-1.6892669443002093,-3.2741877443627425,-1.7778982757816826,0.8969546075325268,3.0967254247542795,2.0458879924529123,1.7926261015394525,1.509856460906321
201512,-4.4363274336283185,-3.5347540063208127,-2.621459225964275,-5.199012034130283,-4.244035157282084,-0.0026453495571854,-2.190815168342361,-1.7582044204390317,-1.5853859224038696,-7.32392741956924
201601,0.7435682819383258,-0.29127577817254274,0.4729850419903061,3.684474909606693,5.000291087061662,-1.1158143625367385,-0.3171219117595639,0.4372056877442214,0.0400890851889313,0.3623977414960914
201602,10.732222222222223,10.133668091311728,7.640909602776606,11.483312237430791,10.891466379700232,10.409360136803311,10.119594867781402,10.22597521163073,8.028129450863188,11.23829806358257
201603,0.017276785714285862,-1.6881841567922482,0.7307431059388029,-1.313185196067423,-1.8154205454306305,-3.031671777987776,-3.603184444121228,-3.231961900042828,-2.913850799388554,-2.37942304646074
201604,2.3784444444444444,2.35565571752712,2.3747677172001715,0.4804982781097086,1.4057040731554105,2.813972005200417,2.178171311103111,2.288337088060683,2.571378965175454,2.301975787238763
201605,6.099288888888889,6.661891658182202,8.197166116345004,6.083136130900596,7.089732306827507,9.258449862302278,7.183102911461551,6.058766250396095,7.820606743420518,6.191173053976263
201606,5.562857142857142,3.862647226895612,5.481218476165195,7.305478112353206,7.706984249927287,2.5438323494695845,1.373946268363122,3.128443968767136,3.0167152005397684,2.80384580398586
201607,-1.5121076233183859,-3.2766494237609662,-0.8659323545601821,-2.9459333936016945,0.5114771226592659,-3.523937389311912,-4.726337128021204,-4.416561941454579,-3.949434254754983,-4.08265545409929
201608,-1.2018834080717489,-1.419373706021287,-0.8037413117958284,-3.9851394500798336,-4.7725032954847055,-1.317457535550808,-2.165602617307502,-1.8657109550449733,-0.8046616808331137,-0.8982875182705591
201609,-3.8457847533632292,-4.8403502045452855,-5.54310098684836,-3.983370901139267,-2.7021783730186493,-2.6726400305191533,-4.950928980224299,-5.0486676973931255,-5.672850883118569,-6.472652620369865
201610,1.4944642857142856,-2.0275771269410936,3.531292633024077,5.291033888280487,6.055097752116029,-2.4933136073782687,-2.32805347586097,-3.29873512174616,-5.1711008447021705,-2.65541623634779
201611,4.699821428571427,4.201816149215315,5.8689954333886165,5.84290241863542,5.484479864356311,4.801798580450954,4.550845585641913,4.222763438618255,4.36045788307842,5.177567903564952
201612,-0.060585585585585605,0.195653388137636,-1.608018928582821,0.9785966858178048,3.71282087333926,-1.7996074816659806,-0.4363258611738786,0.362282317279971,-0.6506902472076628,1.5853195274020209
201701,3.104330357142857,4.163743311812545,3.3619398906931712,2.4885138842834533,2.3791183173372485,3.774298879824764,4.856203519601346,4.379641171874776,5.3554659579976684,5.2281509204672725
201702,-1.0444690265486727,-1.3819300608805989,-0.9124122477765636,-2.161310323667861,-0.1949679319034812,-0.163594448826832,-1.0186067823703515,-1.133353108330609,-1.3146955572195511,-1.0671916422797398
201703,1.2283628318584072,0.5664782564762288,2.3530076602936743,-1.2445393554218342,-0.3015894767422227,2.054028125861368,0.2915249341690341,0.321681975960647,0.3727325128420222,-2.141813227826729
201704,-1.8867111111111112,-0.13161354198032016,-1.7067886004764503,-4.919304251991972,-1.422572478470097,2.392866300706161,1.461268816670321,0.1247064959068496,2.6546947242550023,-2.4048469674401134
201705,2.644017857142857,2.0179363578801777,2.3030233864728205,3.273449337605814,1.6429350711346984,1.2912869941130438,1.5509995603720732,2.4559249570474178,1.2269551246794883,2.892765275769136
201706,1.4910132158590306,1.2262406632614533,1.904722818698445,2.9279450685537136,1.513294510017079,1.1674271413679955,0.8868365485980217,0.7979429627310962,0.1867415345219359,2.0080111624345696
201707,-1.0331578947368423,0.6465272781145011,0.3430377810736216,-2.7845811476849507,-4.568226496103013,3.48760909030577,2.387877959981797,1.282517446503504,2.451377411136185,0.2172996831374598
201708,1.3343111111111112,-0.665456001814672,0.9943435799449905,2.2627969215631296,0.8888272820373249,-2.730562008561197,-1.0753803816085656,-0.0098267250437085,-2.988491212094714,1.114049143531253
201709,-1.2830803571428573,-0.15245116482193233,-0.1753623764975808,-1.949162792592116,0.3626247390002269,2.370109782539186,0.3480961274324335,0.3529658378723949,1.2364559105653603,1.665820770762591
201710,1.997309417040359,2.5638925565472945,3.40133480986154,-0.1639604127276662,6.341117836509437,1.2385468412307796,2.2697430370887,2.107507738776968,2.3731885267425703,2.6906388558330665
201711,0.467713004484305,-0.09119077266101995,-2.5943672737302688,1.31229591147035,0.7795782571954927,-1.1009185470141318,0.4975496459709547,0.1246721704723852,-0.98978998094388,-0.4030084766975411
201712,-4.22439461883408,-3.2090058487899973,-5.403401613043349,-4.242951367541213,-1.3655749130123127,-1.264425032872557,-1.4500918444320832,-1.960203134161786,-3.3664913813585025,-2.253253224158465
201801,-7.635644444444446,-6.96383153777283,-8.596016900401457,-8.168289024327422,-8.801578513836317,-5.68174956843136,-5.807192418476254,-6.423599730781569,-5.89605843692598,-7.5153052931820445
201802,4.139471365638767,3.6922455626193527,4.54082618437693,0.9323311799389836,2.614830122956657,2.9142989399395045,2.931254619780981,3.889342110593137,3.65053501996486,4.383122795474748
201803,1.7755947136563877,0.5075806660244448,2.761580501886779,2.818286295005463,2.053505462697514,-0.646484785166678,-0.4887035464421816,-0.1026652315003675,-0.5054893925491837,-1.1955009532465122
201804,5.510353982300885,3.485463419530784,4.138802670248274,7.960415054593798,4.057382369398278,2.36890595634867,4.3132368749065,2.6140571535486763,2.420901085643041,2.6793730967787965
201805,3.7061674008810574,4.074354828937571,4.212931252824435,5.162265490584904,3.1144434267592414,3.29903994098728,4.210119154198392,4.590619446337867,4.633467441977825,4.069153080552201
201806,0.5084210526315789,0.7381447255745323,-0.4662847501093065,-0.1959029043787379,2.117025063744012,0.2232360533109159,-0.1318425396201038,0.8408375415362377,1.1108313106239838,-0.3784914802440281
201807,3.070043859649123,2.6135638087983564,4.489357206950939,1.387796408593307,3.679275391084821,1.9887006069015245,1.8936100603116948,2.30632990951029,2.5294539780814467,1.295343700572581
201808,-2.2326548672566373,-2.3669517592471756,-2.474973813072283,-2.01419683203092,-1.8590343994382683,-3.8241760968063407,-2.724897763414671,-2.915118833879316,-2.7920214296990644,-1.937315286859636
201809,-4.641022222222222,-2.626313249188557,-4.27652036070858,-6.536660584761632,-5.84819549437124,-0.6455521195365912,-2.189026502434212,-1.145648960691613,0.1376112373969135,-2.827663751023064
201810,2.453660714285714,4.429156751945243,3.9258319424833568,1.1419314663179716,2.015896429877839,4.649730734123724,3.886869093782091,4.777972795064944,5.397799433248447,2.8798463847454148
201811,-8.969910313901345,-7.629876591725914,-7.484959804862808,-10.721758892962546,-8.972554421412827,-6.322978074424581,-7.737568672120237,-6.876031134282165,-6.37974439491891,-9.44293832906042
201812,13.282657657657658,11.38657314713645,12.791657858442692,15.021914534801176,12.223139634400804,11.177965144959694,10.033601436089205,10.556717039151808,9.583590518718976,14.51622121992129
201901,0.6046188340807174,0.4619370735506643,1.205407306806843,1.5984560621117043,3.250702310249389,0.378212605940087,1.6310246383362474,0.8416428394401855,0.1839772786867022,1.4260305701454112
201902,2.0471171171171174,4.210139794979075,3.0991122580744053,1.136864024085973,1.357695996559817,6.132595118322896,5.341553354389481,4.768692364559939,5.56824318046467,5.178165764523525
201903,1.2315695067264576,-0.08501986549200416,1.440491979897203,0.7289589098004584,2.23029248444254,0.8786482748109088,-0.5228417214293581,-0.1981605583950778,-0.6429690335537382,-1.4990869572483267
201904,-2.1824886877828056,0.2600027792361342,-0.0018892653065466,-2.6681252083002573,-5.20797769790866,3.036438479669924,1.9593619547259689,0.1750860188657681,3.524896093292822,0.8757256639296879
201905,1.9965158371040725,1.6004084662527471,2.8559946641395024,3.6109237717131246,2.140051850975211,1.8226036951743303,0.3943409130906574,0.8680043839304604,0.5296133495628944,4.371742125493175
201906,1.5309049773755656,1.575000956261036,1.709159733988311,-0.0748668874044584,-3.008941511539023,1.4267962173550826,1.5287357688513026,2.299196462519735,2.234310087991064,1.932336261739164
201907,-0.5323981900452488,3.406607735759951,0.8394622521297082,-3.6580080326470457,-1.1710082573939349,6.940165091084078,5.276325490370874,3.086109046779224,6.69452864642548,4.290555011923424
201908,5.195616438356164,2.1022117876026605,3.634620089125901,8.16786283640804,6.742792695889163,0.8150774737018188,0.6151845653041604,0.0843073701131614,-0.4069374412548857,6.071998768527168
201909,2.0985388127853883,1.212651732766348,4.321810573462295,-1.2748600452767591,-2.296029670307821,0.2094244079872223,-1.1583890005808573,-0.0498368642870851,0.8090695384023388,0.6764481720234429
201910,-0.24587155963302745,-1.346398344462334,-0.184828117056423,0.4262061338265814,-0.527931903315135,-1.663432499388878,-1.1201386134751443,-1.8664985062223611,-1.4228814361965263,-2.5467925086113583
201911,0.6205,0.697233641360792,-1.6544163941793777,3.062807504547075,3.423363828893041,1.0724860509826886,2.518982766823191,0.4801296236257249,0.6582285239715172,1.6539195102691011
201912,-0.11968036529680359,1.4327143818094652,1.4080867995055304,-4.700312675215637,-5.07014119147641,2.112440810165752,0.9820795388492598,1.1018569541009675,2.5979449908637364,1.4544025190941268
202001,-7.511055045871559,-7.026781503322909,-5.633112071995769,-8.62365306934181,-6.54874672242205,-6.2067187514596025,-6.638779421170005,-6.652281453412815,-5.622415174527311,-7.747229887438239
202002,-33.47703196347032,-20.774441513622406,-23.44114907810233,-37.36279649025513,-28.716901937758497,-12.222162493311115,-17.1381964687344,-18.18612817880568,-16.658778322806697,-27.28840940123721
202003,13.047351598173515,9.050359044128651,9.466902550295936,16.59461932174613,11.289591877087492,6.997232383770543,7.747548645542088,7.97369496973554,6.742625621623676,15.053178662076132
202004,0.1067579908675798,1.7680214335284352,-4.364606686148437,-5.789146858240359,1.8603912585887636,4.414038204663094,2.863395785773219,3.4007038576227138,4.215644036668743,3.2642346814554446
202005,8.50511415525114,2.7460035095001802,6.274952857749787,5.010305796068142,-0.860697720293255,1.2713583198289091,0.8282390407699559,1.8465697110175707,0.5394796036707802,6.772867302838197
202006,-1.1699543378995432,3.8158432486874774,1.3485978817934796,-6.011748147753031,-0.4392753012740142,5.318811075032143,4.168306071693412,3.8306247122347608,6.099172708995087,4.264419420162879
202007,3.0290454545454546,0.2981947662190301,3.262272732207711,4.248668980055076,5.483350440382916,-1.6393294956696116,0.4721364770664298,-0.5451875708615364,-1.5245356420675027,2.626828279467958
202008,-4.110090090090089,-2.494478591826739,-3.066379208218452,-4.654858867363029,-3.3046773685720745,-3.9289727341351295,-2.057466666939917,-1.9570391480006677,-2.115977325458908,-2.2285992846665343
202009,-2.6453811659192827,-3.182806398782573,-0.0597064754452317,-4.75235013745898,-2.795938371972044,-2.1471694131196264,-3.456330393774469,-2.918443427216016,-2.885354038054781,-2.748037537790297
202010,22.29004504504504,9.634094019377939,14.56065756279532,34.82006435704607,23.191513385296968,11.273478474839848,5.52665565724178,7.222496716549019,1.909324009452104,17.29087450237681
202011,4.46814479638009,2.798237476997345,6.2949114392522,4.205589057265513,3.8065510052238976,3.259289250123071,2.271827094087949,1.4383251614293937,1.9254384624973588,2.17864859634256
202012,1.7234841628959274,-0.14538113800369004,-0.4563772144587166,4.9940983861236266,1.5500771215700753,-1.9397499757295065,0.4763196981739537,0.6924516269114397,0.2367086928001249,0.7305100899371488
202101,8.369864864864864,2.9726163293160948,6.831296538888882,6.853957266201006,6.944487777528375,10.771129690280006,2.352673385598953,1.0600760843014814,-2.067037263318168,6.482101852953904
202102,3.3548648648648647,5.464214793378943,1.581351650899347,5.366936681398034,3.2056478157860315,6.074762386263267,5.9620265764558384,6.1663171182779015,6.650620939958728,6.892075431958463
202103,5.9261261261261255,7.872862526676518,7.402739298426053,5.815971616837912,9.703550529070858,8.439314315948126,8.708847003300912,8.757270140079033,8.61041177864576,7.0185395655173375
202104,0.7779279279279281,0.8051830629402758,-0.1266011600304788,1.8041972153728445,-0.1561684713249352,1.1695591646224457,0.8654975281678421,0.5571854945201233,0.6694700048292528,0.6680568265622745
202105,3.036606334841629,2.8225577014399827,3.395551214116494,2.1765442273498485,1.1051982940717808,-0.4816504074131137,3.139343108462348,3.527042385668531,3.9157291357044057,0.7039591149399473
202106,1.0703619909502262,4.046286328902223,5.117360636699611,2.862196558878208,4.362325457615525,3.7774431256825336,3.4581182245036994,4.9360931096674365,5.673837787164617,2.3631741803411286
202107,0.9892727272727272,2.150049737103723,0.7349986144531327,0.4958620959775454,3.2017576947808206,3.53703289258077,3.679197883027245,3.0657109543996786,2.744121063280496,1.528506074793316
202108,-2.710046082949309,-5.760124398614092,-0.7966691868843105,-1.7511807816237572,-4.135276642545152,-6.762498226874135,-6.511297858035721,-6.46553570043687,-7.353019944496257,-4.572678406038679
202109,4.305607476635514,6.985573300294029,4.921594704283724,3.1015987523465536,3.56394502535118,11.5031837169885,8.236211378378751,7.656754174095929,8.955546104024126,7.354745984917248
202110,-2.96625,-1.2519554079084905,0.1434904170910871,-0.1699144280570805,-3.647451354496852,-0.2142620872758465,-0.1583331790706584,-0.1768656589350125,-0.3314067362467723,-1.5226762191430043
202111,7.395391705069124,9.1914195120489,10.381141117731396,8.253390590548314,11.97928267853054,11.341552093595697,11.70545221209987,9.57750612916861,11.296308817879444,10.334211916906462
202112,-4.7620276497695855,-7.677927834543825,-6.117434990866028,-2.8780938683003066,-6.564356851944846,-8.261734468726686,-8.942515311751634,-8.810222735380577,-10.207217604792838,-6.149632031701534
202201,-1.6930092592592596,-3.960030964409462,-1.5314166361022985,1.152853952817774,0.800783403611073,-4.352553512371801,-5.5253674451293575,-5.229518469217155,-4.599767792494044,-5.500602397862541
202202,4.93920930232558,6.887990516937085,5.524344011285415,3.347712060375945,5.030519327417355,8.432203939856604,7.322710641947184,7.373998413169706,8.226106085287846,8.348112430480448
202203,-6.22093896713615,-3.9711545515897995,-8.204898969018252,-3.914483221165896,-1.6327387578056902,-1.8728686713261715,-2.4136900533608165,-2.5219642860742613,-2.789104427586288,-3.3259894674910524
202204,-2.033661971830986,-4.29766319687811,-3.4385592594425463,0.4829187771762135,-3.6106714452360738,-9.653676453673162,-6.682076330532838,-5.19957295620049,-0.3692212868324926,-5.0721458316452575
202205,-9.835781990521326,-7.3142252284981515,-9.255236021466317,-14.102662749661866,-9.492190370237804,-7.940626884725732,-5.955493116163138,-6.018814898104186,-6.486645404054443,-8.063719175118836
202206,10.176794258373205,8.818831614280528,8.11787681350024,8.837960746336753,9.552360342160746,7.273179260249505,8.478990106313228,8.645360914252272,7.314763186785658,9.856229318447577
202207,-6.2928019323671505,-5.8987181210515685,-6.265795694208581,-8.692797859906737,-6.55697356895548,-5.8719618226391725,-5.205149077146007,-5.059378467470165,-4.786800229201221,-6.442343094727857
202208,-15.121019417475726,-13.149334576019385,-11.867827508970423,-13.499379201561156,-11.866971988899945,-12.032769932527671,-13.296550552636802,-13.020676614243426,-13.286468332281272,-10.468382506560632
202209,9.82171568627451,3.748647483086348,11.9392049047551,8.026807473219161,12.681537971799008,3.3971551816530856,3.2461034553380457,2.923831203041648,1.1132947864422318,2.596158512952669
202210,3.7197560975609756,6.039380866490685,3.571993737083531,6.557744839729657,5.255692810063539,7.661842761967797,5.333584197915775,4.35675906569745,5.0562830752860926,7.73274679626356
202211,-7.808774509803921,-5.1245612876484525,-6.4594450817815,-8.040481474835804,-8.583338033095261,-3.809433671070546,-4.488829049388382,-3.804554312165623,-3.331593765860925,-6.241090947709026
202212,12.91269607843137,10.257880600916625,8.093193166055965,12.488734277620477,12.767500648928696,9.398558583650145,8.60020907683957,9.293545059648018,8.540463916835929,12.331636814712628
202301,-6.20024630541872,-6.036847935224843,,,-10.654840464524858,-4.854243944049791,-4.668290393156318,-5.957235439944351,-6.5868605818259365,-6.444366673934415
202302,-7.017635467980295,-2.0972815229529527,-4.217208247501488,-7.909232253222741,-4.73665121549527,-2.745549748660747,-0.571335678188027,0.0045726086148171,0.9567370477865876,
202303,-2.178970588235294,0.3202213111171483,,,-1.7621421097221757,0.9846000657046398,-0.8604124477299733,-0.6546739051435725,-0.8267097323558709,
202304,-2.151862745098039,-4.165372861835906,-1.1110772302586998,-4.3105251210708975,-1.58032346118168,-5.108345032452743,-4.157679165196424,-4.668767735743827,-4.8713888802353225,-4.4971018119529935
202305,8.082364532019705,5.623409916482,,,7.099869160624658,3.5814320173332983,5.266163629965327,4.948461914834498,3.0292341075775453,
202306,4.413316831683169,2.193006346532258,3.623677067591754,10.928402983205103,6.055431459159649,2.6395625667093854,1.493027447857075,0.6924198433790943,0.4059853357886834,
202307,-3.62575,-3.2426333902337197,,,-7.548683833188855,-2.149834912966347,-4.184761644252878,-3.825670235193973,-3.735890733564861,-2.7362716613610343
202308,-5.9972361809045225,-6.829745549812309,-6.772117784214692,-6.045414962950718,-3.5471939918422843,-5.612776295887955,-6.1633730238985365,-6.853804137274131,-7.703082758349721,-5.957464945941025
202309,-6.3306030150753765,-3.4598971074182225,-4.392329414695346,-8.434869317097432,-2.812991593726722,-0.835048383274269,-3.1878527337077505,-4.643582059039549,-1.575568250472246,
202310,10.508939393939396,11.911580398935499,,,14.660577273108338,11.319952484799495,12.035843570736,13.010466328790647,10.297067402828434,13.509373364358147
202311,10.429081632653062,8.810157166411484,9.762508690307923,16.08171946670945,12.949831134196412,5.110534656209788,9.994351909215212,8.375203316841246,7.201826765844315,9.55521755868424
202312,-5.179742268041236,-4.77604318255211,,,-4.081434901101394,-3.971590685617785,-4.3318916680497885,-4.712598473936431,-4.616922152215699,
202401,-0.7376804123711341,1.7909820838740675,-0.1353400706712131,0.8967848428493166,1.7762220018658954,3.0034288440450565,2.8043724409586783,2.299446277185948,2.8650497336947063,-0.4129521369772306
202402,4.05618556701031,1.899038971497246,,,3.097769320069755,0.7432623559549244,1.2460545055666414,1.2624613292937774,,3.6235841019573902
202403,-5.390000000000001,-7.754612041707872,-2.247073946730963,-3.6134483977494463,-7.009643858807254,-7.2960410493722225,-7.754936444321279,-9.450813364774833,,
202404,3.021134020618556,5.1308203760158095,,,-0.2548905405701211,5.040958573061635,6.580390835166749,6.201361751219347,,
202405,1.2571502590673576,2.126740056848429,1.5160258647365548,-1.1052727947883847,0.5253852374847578,3.991856646119683,1.427959856463904,1.675389284982934,2.5784479059334617,
202406,8.071907216494845,7.054283699820933,,,6.200268826887487,5.503601592213319,6.68652100219495,7.610268626499217,,8.653959594522206
202407,2.1709743589743593,5.479864032215887,4.001183757571205,1.6740976368223464,1.901972801565209,6.51698785204651,6.613925383507339,5.934359252494498,,7.126029581555602
202408,2.4364102564102565,3.1525352102854356,,,3.276187543283388,3.187342316489472,3.255834749061671,3.296513477755193,3.446062437391075,
202409,-3.6021025641025632,-3.5976254089261097,,,-1.376356864266966,-1.4538654705838978,-3.892600624048509,-4.190444772384619,,
202410,3.752741116751269,3.7751060652872095,5.346341026897701,8.166807177736716,7.905593059568416,3.790487095310964,,3.809893008265085,,
202411,-6.4395454545454545,-7.828768295502264,,,-7.572382735248061,-8.56403022396152,,-8.186043480915533,-7.207685034941371,
202412,,,,,,,,,,
202501,,,,,,,,,,
202502,,,,,,,,,,
202503,,,,,,,,,,
202504,,,,,,,,,,
202505,,,,,,,,,,
202506,,,,,,,,,,
202507,,,,,,,,,,
202508,,,,,,,,,,
202509,,,,,,,,,,
202510,,,,,,,,,,
202511,,,,,,,,,,
202512,,,,,,,,,,
202601,,,,,,,,,,
